{"cameraMode":{"drawMode":0,"name":"Shaded","section":"Shading Mode"},"sceneLighting":false,"audioPlay":false,"sceneViewState":{"m_AlwaysRefresh":false,"showFog":true,"showSkybox":false,"showFlares":true,"showImageEffects":true,"showParticleSystems":true,"showVisualEffectGraphs":true,"m_FxEnabled":true},"in2DMode":false,"pivot":{"x":0.026969999074935914,"y":-0.013870000839233399,"z":-0.0011199999134987593},"rotation":{"x":0.02212110348045826,"y":-0.9331334233283997,"z":-0.3541029691696167,"w":-0.05829684063792229},"size":0.005416411906480789,"orthographic":false}