{"cameraMode":{"drawMode":0,"name":"Shaded","section":"Shading Mode"},"sceneLighting":false,"audioPlay":false,"sceneViewState":{"m_AlwaysRefresh":false,"showFog":true,"showSkybox":false,"showFlares":true,"showImageEffects":true,"showParticleSystems":true,"showVisualEffectGraphs":true,"m_FxEnabled":true},"in2DMode":false,"pivot":{"x":0.7950000166893005,"y":1.212399959564209,"z":-0.30000001192092898},"rotation":{"x":-0.2343960851430893,"y":0.07486527413129807,"z":-0.018099721521139146,"w":-0.969106912612915},"size":0.06062177196145058,"orthographic":false}