{"cameraMode":{"drawMode":0,"name":"Shaded","section":"Shading Mode"},"sceneLighting":true,"audioPlay":false,"sceneViewState":{"m_AlwaysRefresh":false,"showFog":true,"showSkybox":true,"showFlares":true,"showImageEffects":true,"showParticleSystems":true,"showVisualEffectGraphs":true,"m_FxEnabled":true},"in2DMode":false,"pivot":{"x":-0.4198622703552246,"y":0.6186583042144775,"z":6.290891170501709},"rotation":{"x":-0.1024760752916336,"y":0.06917823851108551,"z":-0.007207483518868685,"w":-0.9924322366714478},"size":4.524892330169678,"orthographic":false}