{"cameraMode":{"drawMode":0,"name":"Shaded","section":"Shading Mode"},"sceneLighting":true,"audioPlay":false,"sceneViewState":{"m_AlwaysRefresh":false,"showFog":true,"showSkybox":true,"showFlares":true,"showImageEffects":true,"showParticleSystems":true,"showVisualEffectGraphs":true,"m_FxEnabled":true},"in2DMode":false,"pivot":{"x":-0.4120887517929077,"y":0.6003625392913818,"z":0.0825677439570427},"rotation":{"x":-0.40704938769340517,"y":0.5789816975593567,"z":-0.4092591404914856,"w":-0.5758712887763977},"size":0.9838322401046753,"orthographic":false}