{"cameraMode":{"drawMode":0,"name":"Shaded","section":"Shading Mode"},"sceneLighting":true,"audioPlay":false,"sceneViewState":{"m_AlwaysRefresh":false,"showFog":true,"showSkybox":true,"showFlares":true,"showImageEffects":true,"showParticleSystems":true,"showVisualEffectGraphs":true,"m_FxEnabled":true},"in2DMode":false,"pivot":{"x":0.05351186543703079,"y":0.1427772343158722,"z":-0.7317926287651062},"rotation":{"x":0.24661898612976075,"y":0.7209733724594116,"z":0.3139958083629608,"w":-0.566485583782196},"size":0.16814455389976502,"orthographic":false}