{"cameraMode":{"drawMode":0,"name":"Shaded","section":"Shading Mode"},"sceneLighting":true,"audioPlay":false,"sceneViewState":{"m_AlwaysRefresh":false,"showFog":true,"showSkybox":true,"showFlares":true,"showImageEffects":true,"showParticleSystems":true,"showVisualEffectGraphs":true,"m_FxEnabled":true},"in2DMode":false,"pivot":{"x":0.4162110686302185,"y":1.3846077919006348,"z":-0.1968175768852234},"rotation":{"x":-0.23749665915966035,"y":0.2422930747270584,"z":-0.06131557747721672,"w":-0.9386980533599854},"size":0.6586198806762695,"orthographic":false}