{"cameraMode":{"drawMode":0,"name":"Shaded","section":"Shading Mode"},"sceneLighting":true,"audioPlay":false,"sceneViewState":{"m_AlwaysRefresh":false,"showFog":true,"showSkybox":true,"showFlares":true,"showImageEffects":true,"showParticleSystems":true,"showVisualEffectGraphs":true,"m_FxEnabled":true},"in2DMode":false,"pivot":{"x":0.10803137719631195,"y":0.08195511996746063,"z":0.052857547998428348},"rotation":{"x":0.12536004185676576,"y":0.0020816854666918518,"z":0.00026109578902833164,"w":-0.9921121597290039},"size":0.19020086526870728,"orthographic":false}