{"cameraMode":{"drawMode":0,"name":"Shaded","section":"Shading Mode"},"sceneLighting":true,"audioPlay":false,"sceneViewState":{"m_AlwaysRefresh":false,"showFog":true,"showSkybox":true,"showFlares":true,"showImageEffects":true,"showParticleSystems":true,"showVisualEffectGraphs":true,"m_FxEnabled":true},"in2DMode":false,"pivot":{"x":0.2854965627193451,"y":1.509226679801941,"z":0.46313807368278506},"rotation":{"x":0.04149588197469711,"y":0.9025853276252747,"z":0.08936606347560883,"w":-0.4190887212753296},"size":0.037171345204114917,"orthographic":false}