{"cameraMode":{"drawMode":0,"name":"Shaded","section":"Shading Mode"},"sceneLighting":true,"audioPlay":false,"sceneViewState":{"m_AlwaysRefresh":false,"showFog":true,"showSkybox":true,"showFlares":true,"showImageEffects":true,"showParticleSystems":true,"showVisualEffectGraphs":true,"m_FxEnabled":true},"in2DMode":false,"pivot":{"x":0.09106563031673432,"y":-0.007918121293187142,"z":0.042745888233184817},"rotation":{"x":0.25394365191459658,"y":0.5531941056251526,"z":0.18190570175647736,"w":-0.7722686529159546},"size":0.07265417277812958,"orthographic":false}