{"cameraMode":{"drawMode":0,"name":"Shaded","section":"Shading Mode"},"sceneLighting":true,"audioPlay":false,"sceneViewState":{"m_AlwaysRefresh":false,"showFog":true,"showSkybox":true,"showFlares":true,"showImageEffects":true,"showParticleSystems":true,"showVisualEffectGraphs":true,"m_FxEnabled":true},"in2DMode":false,"pivot":{"x":0.0983428955078125,"y":-0.03450176492333412,"z":-0.655349850654602},"rotation":{"x":0.11288049072027207,"y":0.8206252455711365,"z":-0.173872709274292,"w":0.5325789451599121},"size":0.17907942831516267,"orthographic":false}