{"cameraMode":{"drawMode":0,"name":"Shaded","section":"Shading Mode"},"sceneLighting":true,"audioPlay":false,"sceneViewState":{"m_AlwaysRefresh":false,"showFog":true,"showSkybox":true,"showFlares":true,"showImageEffects":true,"showParticleSystems":true,"showVisualEffectGraphs":true,"m_FxEnabled":true},"in2DMode":false,"pivot":{"x":-0.4965074062347412,"y":0.2202833890914917,"z":2.842054605484009},"rotation":{"x":0.18586614727973939,"y":-0.24044272303581239,"z":0.04695522040128708,"w":0.9515534043312073},"size":2.5312557220458986,"orthographic":false}