{"cameraMode":{"drawMode":0,"name":"Shaded","section":"Shading Mode"},"sceneLighting":true,"audioPlay":false,"sceneViewState":{"m_AlwaysRefresh":false,"showFog":true,"showSkybox":true,"showFlares":true,"showImageEffects":true,"showParticleSystems":true,"showVisualEffectGraphs":true,"m_FxEnabled":true},"in2DMode":false,"pivot":{"x":-0.10921184718608856,"y":1.7000045776367188,"z":-0.055780261754989627},"rotation":{"x":-0.18338482081890107,"y":-0.06277164071798325,"z":0.01173282228410244,"w":-0.9809679985046387},"size":0.08602346479892731,"orthographic":false}