{"cameraMode":{"drawMode":0,"name":"Shaded","section":"Shading Mode"},"sceneLighting":true,"audioPlay":false,"sceneViewState":{"m_AlwaysRefresh":false,"showFog":true,"showSkybox":true,"showFlares":true,"showImageEffects":true,"showParticleSystems":true,"showVisualEffectGraphs":true,"m_FxEnabled":true},"in2DMode":false,"pivot":{"x":-0.05991405248641968,"y":1.5379687547683716,"z":-0.060738056898117068},"rotation":{"x":0.14663074910640717,"y":0.4624575972557068,"z":-0.07790788263082504,"w":0.8709834218025208},"size":0.06336771696805954,"orthographic":false}