{"cameraMode":{"drawMode":0,"name":"Shaded","section":"Shading Mode"},"sceneLighting":true,"audioPlay":false,"sceneViewState":{"m_AlwaysRefresh":false,"showFog":true,"showSkybox":true,"showFlares":true,"showImageEffects":true,"showParticleSystems":true,"showVisualEffectGraphs":true,"m_FxEnabled":true},"in2DMode":false,"pivot":{"x":0.08297447115182877,"y":0.7491151094436646,"z":1.2861933708190919},"rotation":{"x":0.20288312435150147,"y":-0.011133698746562004,"z":0.0023380473721772434,"w":0.9791573882102966},"size":1.1856813430786133,"orthographic":false}