{"cameraMode":{"drawMode":0,"name":"Shaded","section":"Shading Mode"},"sceneLighting":true,"audioPlay":false,"sceneViewState":{"m_AlwaysRefresh":false,"showFog":true,"showSkybox":true,"showFlares":true,"showImageEffects":true,"showParticleSystems":true,"showVisualEffectGraphs":true,"m_FxEnabled":true},"in2DMode":false,"pivot":{"x":-0.5525130033493042,"y":0.7369648814201355,"z":-0.8147989511489868},"rotation":{"x":-0.1549670547246933,"y":0.7715495228767395,"z":-0.20564676821231843,"w":-0.5819530487060547},"size":0.7541109919548035,"orthographic":false}