{"cameraMode":{"drawMode":0,"name":"Shaded","section":"Shading Mode"},"sceneLighting":true,"audioPlay":false,"sceneViewState":{"m_AlwaysRefresh":false,"showFog":true,"showSkybox":true,"showFlares":true,"showImageEffects":true,"showParticleSystems":true,"showVisualEffectGraphs":true,"m_FxEnabled":true},"in2DMode":false,"pivot":{"x":0.6453769207000732,"y":-0.06771104782819748,"z":-0.5201911926269531},"rotation":{"x":0.007880610413849354,"y":-0.8020983934402466,"z":-0.010576666332781315,"w":-0.5970604419708252},"size":0.08403119444847107,"orthographic":false}