{"cameraMode":{"drawMode":0,"name":"Shaded","section":"Shading Mode"},"sceneLighting":true,"audioPlay":false,"sceneViewState":{"m_AlwaysRefresh":false,"showFog":true,"showSkybox":true,"showFlares":true,"showImageEffects":true,"showParticleSystems":true,"showVisualEffectGraphs":true,"m_FxEnabled":true},"in2DMode":false,"pivot":{"x":0.10846792161464691,"y":0.08296473324298859,"z":-0.15619997680187226},"rotation":{"x":0.4635968804359436,"y":0.5349477529525757,"z":0.47174572944641116,"w":-0.5257248878479004},"size":0.1533808559179306,"orthographic":false}