{"cameraMode":{"drawMode":0,"name":"Shaded","section":"Shading Mode"},"sceneLighting":true,"audioPlay":false,"sceneViewState":{"m_AlwaysRefresh":false,"showFog":true,"showSkybox":true,"showFlares":true,"showImageEffects":true,"showParticleSystems":true,"showVisualEffectGraphs":true,"m_FxEnabled":true},"in2DMode":false,"pivot":{"x":0.09930938482284546,"y":1.4044324159622193,"z":1.2259740829467774},"rotation":{"x":0.1893664002418518,"y":0.8104104995727539,"z":0.4002550542354584,"w":-0.3837348222732544},"size":0.1380557268857956,"orthographic":false}