{"cameraMode":{"drawMode":0,"name":"Shaded","section":"Shading Mode"},"sceneLighting":true,"audioPlay":false,"sceneViewState":{"m_AlwaysRefresh":false,"showFog":true,"showSkybox":true,"showFlares":true,"showImageEffects":true,"showParticleSystems":true,"showVisualEffectGraphs":true,"m_FxEnabled":true},"in2DMode":false,"pivot":{"x":0.9901527166366577,"y":1.1073567867279053,"z":0.7372392416000366},"rotation":{"x":-0.173515185713768,"y":-0.12461956590414047,"z":0.022058477625250818,"w":-0.9767075777053833},"size":0.8300025463104248,"orthographic":false}