{"cameraMode":{"drawMode":0,"name":"Shaded","section":"Shading Mode"},"sceneLighting":true,"audioPlay":false,"sceneViewState":{"m_AlwaysRefresh":false,"showFog":true,"showSkybox":true,"showFlares":true,"showImageEffects":true,"showParticleSystems":true,"showVisualEffectGraphs":true,"m_FxEnabled":true},"in2DMode":false,"pivot":{"x":0.10672561824321747,"y":1.269498348236084,"z":1.265810251235962},"rotation":{"x":0.12452149391174317,"y":0.6763350963592529,"z":0.1177021935582161,"w":-0.7164425253868103},"size":0.15299242734909059,"orthographic":false}