{"cameraMode":{"drawMode":0,"name":"Shaded","section":"Shading Mode"},"sceneLighting":true,"audioPlay":false,"sceneViewState":{"m_AlwaysRefresh":false,"showFog":true,"showSkybox":true,"showFlares":true,"showImageEffects":true,"showParticleSystems":true,"showVisualEffectGraphs":true,"m_FxEnabled":true},"in2DMode":false,"pivot":{"x":0.9654263257980347,"y":0.9242366552352905,"z":0.36160075664520266},"rotation":{"x":-0.18315532803535462,"y":-0.08042441308498383,"z":0.014956057071685791,"w":-0.9797086119651794},"size":0.9271312355995178,"orthographic":false}