{"cameraMode":{"drawMode":0,"name":"Shaded","section":"Shading Mode"},"sceneLighting":true,"audioPlay":false,"sceneViewState":{"m_AlwaysRefresh":false,"showFog":true,"showSkybox":true,"showFlares":true,"showImageEffects":true,"showParticleSystems":true,"showVisualEffectGraphs":true,"m_FxEnabled":true},"in2DMode":false,"pivot":{"x":-1.1851228475570679,"y":-1.139143466949463,"z":8.309972763061524},"rotation":{"x":0.15450283885002137,"y":-0.08525359630584717,"z":0.013384607620537281,"w":0.9842177629470825},"size":5.993618965148926,"orthographic":false}