{"cameraMode":{"drawMode":0,"name":"Shaded","section":"Shading Mode"},"sceneLighting":true,"audioPlay":false,"sceneViewState":{"m_AlwaysRefresh":false,"showFog":true,"showSkybox":true,"showFlares":true,"showImageEffects":true,"showParticleSystems":true,"showVisualEffectGraphs":true,"m_FxEnabled":true},"in2DMode":false,"pivot":{"x":1.0462746620178223,"y":0.2393435537815094,"z":0.7608302235603333},"rotation":{"x":-0.2726854383945465,"y":-0.14165697991847993,"z":0.04062521085143089,"w":-0.9507631063461304},"size":1.382770299911499,"orthographic":false}