{"cameraMode":{"drawMode":0,"name":"Shaded","section":"Shading Mode"},"sceneLighting":true,"audioPlay":false,"sceneViewState":{"m_AlwaysRefresh":false,"showFog":true,"showSkybox":true,"showFlares":true,"showImageEffects":true,"showParticleSystems":true,"showVisualEffectGraphs":true,"m_FxEnabled":true},"in2DMode":false,"pivot":{"x":0.08019047230482102,"y":0.039372459053993228,"z":-0.6460351347923279},"rotation":{"x":0.3627980351448059,"y":0.625844419002533,"z":0.40762895345687868,"w":-0.5573348999023438},"size":0.08699899166822434,"orthographic":false}