{"cameraMode":{"drawMode":0,"name":"Shaded","section":"Shading Mode"},"sceneLighting":true,"audioPlay":false,"sceneViewState":{"m_AlwaysRefresh":false,"showFog":true,"showSkybox":true,"showFlares":true,"showImageEffects":true,"showParticleSystems":true,"showVisualEffectGraphs":true,"m_FxEnabled":true},"in2DMode":false,"pivot":{"x":0.17995773255825044,"y":-0.00838349387049675,"z":-0.6575925350189209},"rotation":{"x":-0.3875141441822052,"y":-0.5915719270706177,"z":-0.3877396881580353,"w":0.5912262797355652},"size":0.03840918093919754,"orthographic":false}