{"cameraMode":{"drawMode":0,"name":"Shaded","section":"Shading Mode"},"sceneLighting":true,"audioPlay":false,"sceneViewState":{"m_AlwaysRefresh":false,"showFog":true,"showSkybox":true,"showFlares":true,"showImageEffects":true,"showParticleSystems":true,"showVisualEffectGraphs":true,"m_FxEnabled":true},"in2DMode":false,"pivot":{"x":0.7658047080039978,"y":1.1388880014419556,"z":-0.6176063418388367},"rotation":{"x":-0.02256224863231182,"y":0.3043200969696045,"z":0.007215877994894981,"w":0.9522852897644043},"size":0.22177168726921082,"orthographic":false}