{"cameraMode":{"drawMode":0,"name":"Shaded","section":"Shading Mode"},"sceneLighting":true,"audioPlay":false,"sceneViewState":{"m_AlwaysRefresh":false,"showFog":true,"showSkybox":true,"showFlares":true,"showImageEffects":true,"showParticleSystems":true,"showVisualEffectGraphs":true,"m_FxEnabled":true},"in2DMode":false,"pivot":{"x":0.5485926866531372,"y":0.9676926136016846,"z":1.348526954650879},"rotation":{"x":0.1375889778137207,"y":0.2113315761089325,"z":-0.030108356848359109,"w":0.9672384262084961},"size":0.920448362827301,"orthographic":false}