{"cameraMode":{"drawMode":0,"name":"Shaded","section":"Shading Mode"},"sceneLighting":true,"audioPlay":false,"sceneViewState":{"m_AlwaysRefresh":false,"showFog":true,"showSkybox":true,"showFlares":true,"showImageEffects":true,"showParticleSystems":true,"showVisualEffectGraphs":true,"m_FxEnabled":true},"in2DMode":false,"pivot":{"x":0.6999687552452087,"y":0.9477061033248901,"z":1.3866925239562989},"rotation":{"x":-0.2161443680524826,"y":-0.19270963966846467,"z":0.04356618598103523,"w":-0.9561944007873535},"size":0.41429102420806887,"orthographic":false}