{"cameraMode":{"drawMode":0,"name":"Shaded","section":"Shading Mode"},"sceneLighting":true,"audioPlay":false,"sceneViewState":{"m_AlwaysRefresh":false,"showFog":true,"showSkybox":true,"showFlares":true,"showImageEffects":true,"showParticleSystems":true,"showVisualEffectGraphs":true,"m_FxEnabled":true},"in2DMode":false,"pivot":{"x":0.06141704320907593,"y":1.3458200693130494,"z":1.6075233221054078},"rotation":{"x":-0.2865976393222809,"y":-0.3815479278564453,"z":0.12572719156742097,"w":-0.8697584271430969},"size":0.5708820819854736,"orthographic":false}