{"cameraMode":{"drawMode":0,"name":"Shaded","section":"Shading Mode"},"sceneLighting":true,"audioPlay":false,"sceneViewState":{"m_AlwaysRefresh":false,"showFog":true,"showSkybox":true,"showFlares":true,"showImageEffects":true,"showParticleSystems":true,"showVisualEffectGraphs":true,"m_FxEnabled":true},"in2DMode":false,"pivot":{"x":1.245048999786377,"y":0.9794790148735046,"z":1.1524550914764405},"rotation":{"x":0.3360605835914612,"y":0.3894598186016083,"z":0.15521062910556794,"w":-0.8433968424797058},"size":0.09273621439933777,"orthographic":false}