{"cameraMode":{"drawMode":0,"name":"Shaded","section":"Shading Mode"},"sceneLighting":true,"audioPlay":false,"sceneViewState":{"m_AlwaysRefresh":false,"showFog":true,"showSkybox":true,"showFlares":true,"showImageEffects":true,"showParticleSystems":true,"showVisualEffectGraphs":true,"m_FxEnabled":true},"in2DMode":false,"pivot":{"x":-0.048269640654325488,"y":0.7124370336532593,"z":2.1649882793426515},"rotation":{"x":-0.23211851716041566,"y":-0.021300658583641053,"z":0.005090330261737108,"w":-0.9724503755569458},"size":1.321358561515808,"orthographic":false}