{"cameraMode":{"drawMode":0,"name":"Shaded","section":"Shading Mode"},"sceneLighting":true,"audioPlay":false,"sceneViewState":{"m_AlwaysRefresh":false,"showFog":true,"showSkybox":true,"showFlares":true,"showImageEffects":true,"showParticleSystems":true,"showVisualEffectGraphs":true,"m_FxEnabled":true},"in2DMode":false,"pivot":{"x":0.4835129380226135,"y":0.8782267570495606,"z":-0.08660769462585449},"rotation":{"x":0.3034742772579193,"y":0.1956845372915268,"z":-0.06383007019758225,"w":0.930353045463562},"size":1.1585279703140259,"orthographic":false}