{"cameraMode":{"drawMode":0,"name":"Shaded","section":"Shading Mode"},"sceneLighting":true,"audioPlay":false,"sceneViewState":{"m_AlwaysRefresh":false,"showFog":true,"showSkybox":true,"showFlares":true,"showImageEffects":true,"showParticleSystems":true,"showVisualEffectGraphs":true,"m_FxEnabled":true},"in2DMode":false,"pivot":{"x":-0.11145758628845215,"y":-0.1340501308441162,"z":2.862419366836548},"rotation":{"x":-0.2519667148590088,"y":0.06584024429321289,"z":-0.017180325463414193,"w":-0.9653705358505249},"size":2.5368833541870119,"orthographic":false}