{"cameraMode":{"drawMode":0,"name":"Shaded","section":"Shading Mode"},"sceneLighting":true,"audioPlay":false,"sceneViewState":{"m_AlwaysRefresh":false,"showFog":true,"showSkybox":true,"showFlares":true,"showImageEffects":true,"showParticleSystems":true,"showVisualEffectGraphs":true,"m_FxEnabled":true},"in2DMode":false,"pivot":{"x":-0.8282489776611328,"y":1.7503416538238526,"z":0.027060694992542268},"rotation":{"x":-0.030312318354845048,"y":0.8971272706985474,"z":-0.06227054446935654,"w":-0.4363444447517395},"size":0.12102895975112915,"orthographic":false}