{"cameraMode":{"drawMode":0,"name":"Shaded","section":"Shading Mode"},"sceneLighting":true,"audioPlay":false,"sceneViewState":{"m_AlwaysRefresh":false,"showFog":true,"showSkybox":true,"showFlares":true,"showImageEffects":true,"showParticleSystems":true,"showVisualEffectGraphs":true,"m_FxEnabled":true},"in2DMode":false,"pivot":{"x":-0.7747929692268372,"y":1.7930364608764649,"z":-0.02394530177116394},"rotation":{"x":0.006113423965871334,"y":-0.9763084650039673,"z":0.2145439088344574,"w":0.02812866121530533},"size":0.07546366751194,"orthographic":false}