{"cameraMode":{"drawMode":0,"name":"Shaded","section":"Shading Mode"},"sceneLighting":true,"audioPlay":false,"sceneViewState":{"m_AlwaysRefresh":false,"showFog":true,"showSkybox":true,"showFlares":true,"showImageEffects":true,"showParticleSystems":true,"showVisualEffectGraphs":true,"m_FxEnabled":true},"in2DMode":false,"pivot":{"x":0.20013649761676789,"y":1.5135637521743775,"z":0.8420795798301697},"rotation":{"x":0.010401386767625809,"y":-0.9883265495300293,"z":-0.12940755486488343,"w":-0.07995139807462692},"size":0.04571544751524925,"orthographic":false}