{"cameraMode":{"drawMode":0,"name":"Shaded","section":"Shading Mode"},"sceneLighting":true,"audioPlay":false,"sceneViewState":{"m_AlwaysRefresh":false,"showFog":true,"showSkybox":true,"showFlares":true,"showImageEffects":true,"showParticleSystems":true,"showVisualEffectGraphs":true,"m_FxEnabled":true},"in2DMode":false,"pivot":{"x":0.7833261489868164,"y":1.1981178522109986,"z":0.9376978278160095},"rotation":{"x":-0.30157455801963808,"y":0.5249739289283752,"z":-0.20591704547405244,"w":-0.7688142657279968},"size":0.09251731634140015,"orthographic":false}