{"cameraMode":{"drawMode":0,"name":"Shaded","section":"Shading Mode"},"sceneLighting":true,"audioPlay":false,"sceneViewState":{"m_AlwaysRefresh":false,"showFog":true,"showSkybox":true,"showFlares":true,"showImageEffects":true,"showParticleSystems":true,"showVisualEffectGraphs":true,"m_FxEnabled":true},"in2DMode":false,"pivot":{"x":-0.7697191834449768,"y":1.7595341205596924,"z":0.03709697723388672},"rotation":{"x":-0.10621914267539978,"y":-0.8934210538864136,"z":0.2943868935108185,"w":-0.322284460067749},"size":0.10053437948226929,"orthographic":false}